,name,city,content,score,date
0,缅怀,关注此人,吴京终于以主角光环➕360度慢镜头全方位无死角的方式展示了他的牺牲,还行,2022-02-01
1,雾散,关注此人,“第七穿插连应到一百五十七人，实到一人。”,力荐,2022-02-01
2,Anna,关注此人,在这个时代的主旋律下，每一个观众或多或少能找到些共鸣。但是缺少创新的思想，一贯老套的视听，没有灵魂的人物，终究会被这个时代抛弃。,还行,2022-02-01
3,王祉乔,上海,1950年 是新中国成立后的第一个虎年,推荐,2022-02-01
4,单数路人甲,陕西西安,一代人打了五代人仗，受了五代人的苦,推荐,2022-02-01
5,李六岁的娃娃亲,北京,七连全军就义只剩一面旗，万里能留下来全因为是大年初一。,力荐,2022-02-01
6,forcedemail.,"Toshkent (Taškent), Uzbekistan",易烊千玺饰演的万里的成长线真的很让人心疼，战争让一个少年迅速衰老三十岁…,力荐,2022-02-01
7,滕暴富,福建厦门,院。水门桥让我们看到了，抗美援朝时期我军战资物力真的实力悬殊，美军喝热咖啡驱寒，我军啃冰雪醒脑…落后就要挨打啊！七连全军只剩下一人，全部都是一个兵代表一支队伍去打，整一个大暴哭！伍千里说七连都是我哥，破防了！水门桥每个人都是主角。如今和平盛世，长日当空，真美好啊,力荐,2022-02-01
8,阿鑫.,关注此人,"最后报数时突然想起许三多是钢七连第4956个兵,一个个数字,多么有魅力.........",推荐,2022-02-01
9,大象,江苏南京,"如果已经不用再歌唱那远去的少年，
杯光碟影的乐土，
我只能告诉你，
最夺目并最操蛋的都已经化作了山脉。 被摧毁 被重建 被赞美 被陷害 所有的这一切在这星球上都算不上新鲜事，毕竟每个时代的日常都差不多。",很差,2022-02-02
10,拿卡利,关注此人,特别好哭，为啥吴京每次都不能活过贺岁档😂,力荐,2022-02-01
11,张3儿,关注此人,煎熬的俩小时,很差,2022-02-06
12,六尺之上,关注此人,据说上部被吐槽文戏少，是因为被放到了下部。看完水门桥后我认为，整部长津湖就没有什么文戏—每次战斗间歇的短暂交流可不算文戏。用电影去表现抗美援朝，表现志愿军，本就力不从心，并不是技术达不到，而是电影这种艺术形式本身无法表现国人心中的抗美援朝。抗美援朝如同一场雄壮的进行曲，不允许有任何不和谐音符，电影中，志愿军战士用各种牺牲诠释了英勇、顽强、视死如归。战争在中国人心中本就是不一样的事物，在中国，战争这个词是容不下多少哲学思考的。我们的战争首先是悲壮的，可歌可泣的。我们不能，也不允许像别的国家那样，从第三人的视角看待自己国家的战争。于是，我们最好用纪录片表现战争，能有好作品。至于电影，还是用来记录更加复杂晦暗的人性，和更加模棱两可的世界观吧。,还行,2022-02-01
13,MIGO,关注此人,列兵许三多，你必须记住，你是第四千九百五十六名钢七连的士兵！列兵许三多，有的连因为某位战斗英雄而骄傲，有的连因为出了将军而骄傲，钢七连的骄傲是军人中最神圣的一种！钢七连因为上百次战役中战死沙场的英烈而骄傲！列兵许三多，钢七连的士兵必须记住那些在五十一年连史中牺牲的前辈，你也应该用最有力的方式，要求钢七连的任何一员记住我们的先辈！列兵许三多，抗美援朝时钢七连几乎全连阵亡被取消番号，被全连人掩护的三名列兵却九死一生地归来。他们带回一百零七名烈士的遗愿在这三个平均年龄十七岁的年轻人身上重建钢七连！从此后钢七连就永远和他们的烈士活在一起了！列兵许三多，从这个意义上来说，我们是活在烈士的希望与荣誉之间的！列兵许三多，我们是记载着前辈功绩的年轻部队，我们也是战斗的部队！,推荐,2022-02-01
14,霖,关注此人,"看完啦，和上一部相比，情节更加连贯，加入了“反战”的主题，视角更加的国际化一丢丢。战争场面没有太多的惊喜，我方高层视角舍去……
总之，我更加喜欢这一部一丢丢。
但是，好像身边的人不完全是这样认为",推荐,2022-02-01
15,余霞鸿雁,广东广州,5星给抗美援朝题材。1星扣电影里的失智桥段就是硬煽情硬壮烈，1星扣不合逻辑，美军支援直接3个坦克往桥上开炮？最后天降一辆车也是牛。,较差,2022-02-02
16,too分裂,关注此人,知道《长津湖》有下部《水门桥》后，老爸早就惦记着了。对老一辈人来说是纪念，对年轻一代来说是学习，志愿军战士这段历史这种精神是我们中国人世世代代都应铭记的。易烊千玺把伍万里经过战争而不得不从江边野孩子迅速蜕变为能独当一面的七连战士这种痛苦的成长演得特别好，从上部最初的野性，到这部背负生死的沉重。,力荐,2022-02-01
17,ZYX1607,江苏南京,比长津湖好，这次风格统一了，毕竟直接变成徐克导演，而且也没有出现结尾莫名其妙的戏份，这次结尾还升华了点。水门桥的剧情更加简单粗暴，概括起来就是炸桥，打戏不断，高潮不断，看得还是爽的，武戏为主，文戏就忽略了。有人会问美军怎么拍得这么弱智？那我还是要说他们本来就又蠢又傲慢，不然怎么优势明显的情况下输掉战争的呢？不过毕竟敌我差距悬殊，牺牲是难免的，影片里志愿军们的牺牲都悲壮，可惜没有让我落泪，可能氛围弱了点再加上我早就知道他们会牺牲了吧。,推荐,2022-02-01
18,周纸弱,关注此人,夸一下水门桥的妆造，神仙级别的，特别是朱亚文的战损妆，那肿起的眼睛，干燥裂口的嘴唇，非常真实，看着就疼。,推荐,2022-02-02
19,Zlysses,安徽合肥,“第七穿插连应到一百五十七人，实到一人！”,推荐,2022-02-01
20,拿卡利,关注此人,特别好哭，为啥吴京每次都不能活过贺岁档😂,力荐,2022-02-01
21,张3儿,关注此人,煎熬的俩小时,很差,2022-02-06
22,六尺之上,关注此人,据说上部被吐槽文戏少，是因为被放到了下部。看完水门桥后我认为，整部长津湖就没有什么文戏—每次战斗间歇的短暂交流可不算文戏。用电影去表现抗美援朝，表现志愿军，本就力不从心，并不是技术达不到，而是电影这种艺术形式本身无法表现国人心中的抗美援朝。抗美援朝如同一场雄壮的进行曲，不允许有任何不和谐音符，电影中，志愿军战士用各种牺牲诠释了英勇、顽强、视死如归。战争在中国人心中本就是不一样的事物，在中国，战争这个词是容不下多少哲学思考的。我们的战争首先是悲壮的，可歌可泣的。我们不能，也不允许像别的国家那样，从第三人的视角看待自己国家的战争。于是，我们最好用纪录片表现战争，能有好作品。至于电影，还是用来记录更加复杂晦暗的人性，和更加模棱两可的世界观吧。,还行,2022-02-01
23,MIGO,关注此人,列兵许三多，你必须记住，你是第四千九百五十六名钢七连的士兵！列兵许三多，有的连因为某位战斗英雄而骄傲，有的连因为出了将军而骄傲，钢七连的骄傲是军人中最神圣的一种！钢七连因为上百次战役中战死沙场的英烈而骄傲！列兵许三多，钢七连的士兵必须记住那些在五十一年连史中牺牲的前辈，你也应该用最有力的方式，要求钢七连的任何一员记住我们的先辈！列兵许三多，抗美援朝时钢七连几乎全连阵亡被取消番号，被全连人掩护的三名列兵却九死一生地归来。他们带回一百零七名烈士的遗愿在这三个平均年龄十七岁的年轻人身上重建钢七连！从此后钢七连就永远和他们的烈士活在一起了！列兵许三多，从这个意义上来说，我们是活在烈士的希望与荣誉之间的！列兵许三多，我们是记载着前辈功绩的年轻部队，我们也是战斗的部队！,推荐,2022-02-01
24,霖,关注此人,"看完啦，和上一部相比，情节更加连贯，加入了“反战”的主题，视角更加的国际化一丢丢。战争场面没有太多的惊喜，我方高层视角舍去……
总之，我更加喜欢这一部一丢丢。
但是，好像身边的人不完全是这样认为",推荐,2022-02-01
25,余霞鸿雁,广东广州,5星给抗美援朝题材。1星扣电影里的失智桥段就是硬煽情硬壮烈，1星扣不合逻辑，美军支援直接3个坦克往桥上开炮？最后天降一辆车也是牛。,较差,2022-02-02
26,too分裂,关注此人,知道《长津湖》有下部《水门桥》后，老爸早就惦记着了。对老一辈人来说是纪念，对年轻一代来说是学习，志愿军战士这段历史这种精神是我们中国人世世代代都应铭记的。易烊千玺把伍万里经过战争而不得不从江边野孩子迅速蜕变为能独当一面的七连战士这种痛苦的成长演得特别好，从上部最初的野性，到这部背负生死的沉重。,力荐,2022-02-01
27,ZYX1607,江苏南京,比长津湖好，这次风格统一了，毕竟直接变成徐克导演，而且也没有出现结尾莫名其妙的戏份，这次结尾还升华了点。水门桥的剧情更加简单粗暴，概括起来就是炸桥，打戏不断，高潮不断，看得还是爽的，武戏为主，文戏就忽略了。有人会问美军怎么拍得这么弱智？那我还是要说他们本来就又蠢又傲慢，不然怎么优势明显的情况下输掉战争的呢？不过毕竟敌我差距悬殊，牺牲是难免的，影片里志愿军们的牺牲都悲壮，可惜没有让我落泪，可能氛围弱了点再加上我早就知道他们会牺牲了吧。,推荐,2022-02-01
28,周纸弱,关注此人,夸一下水门桥的妆造，神仙级别的，特别是朱亚文的战损妆，那肿起的眼睛，干燥裂口的嘴唇，非常真实，看着就疼。,推荐,2022-02-02
29,Zlysses,安徽合肥,“第七穿插连应到一百五十七人，实到一人！”,推荐,2022-02-01
30,亽惪,关注此人,绝了，比第一部还好看，战斗集中于水门桥，真的很不错。就是哭麻了🥲,力荐,2022-02-01
31,勇气,关注此人,这种片子逻辑都是不能推敲的，片子的场景没有表现出这个桥没了，美军就不能撤退的感觉，没有看出来特别重要，只有文字对话不断强调。太多的战争大场面，缺乏叙事和人物精神内核的刻画。,还行,2022-02-02
32,电影隐士,关注此人,"吹爆大桥
水门桥观后感：80分/100分
文戏多 剧情简单直白 但渐入佳境（参考复联4）
比红海行动血腥很多
历史事件浪漫化处理，太赞了！！徐克牛逼！！
美军客观刻画
易烊千玺很出彩
有好莱坞式慢镜头特效
有中国志愿军独特的打法
结尾与长津湖开头前后呼应，大泪点！
50亿稳了，60亿看大家了！",力荐,2022-02-01
33,爱看电影999,北京,太长，只是乱打，没有家国情怀，没法共情。编剧不行,还行,2022-02-02
34,叮铃铃,湖北武汉,千里最后就算牺牲了也还是救了万里一命😭😭,力荐,2022-02-01
35,好多豆豆得友,云南普洱,平河呢？-他已经完成任务了。,力荐,2022-02-01
36,木可大朋友,北京,看完之后，更加明白“青山处处埋忠骨”。,力荐,2022-02-01
37,平平无奇,辽宁阜新,怎么说呢，当战士前一秒还在说话，下一秒就被炸碎；当梅生叼着女儿的半截照片完成必死任务；当千里一步步的放手让万里自己飞；当伍万里报数第七穿插连应到一百五十七人，实到一人……我明明是有动容的，但随后就被传统主旋律拍摄手法拉出戏，就这样两个半小时，不断入戏出戏，相当分裂。,还行,2022-02-02
38,高兴得小马,江苏淮安,刚看完水门桥，作为一个工科生不明白，炸桥不应该首选桥墩吗？牺牲那么大盯着桥面炸，多好修啊！不合理,还行,2022-02-05
39,麻瓜凡,关注此人,7分吧。拍的最好的部分是平河炸坦克；拍的最迷惑的地方是桥面插着炮弹，美军却不杀有枪的伍千里而是想留着戏耍。民族英雄不需要通过给敌人降智来凸显。,推荐,2022-02-05
40,亽惪,关注此人,绝了，比第一部还好看，战斗集中于水门桥，真的很不错。就是哭麻了🥲,力荐,2022-02-01
41,勇气,关注此人,这种片子逻辑都是不能推敲的，片子的场景没有表现出这个桥没了，美军就不能撤退的感觉，没有看出来特别重要，只有文字对话不断强调。太多的战争大场面，缺乏叙事和人物精神内核的刻画。,还行,2022-02-02
42,电影隐士,关注此人,"吹爆大桥
水门桥观后感：80分/100分
文戏多 剧情简单直白 但渐入佳境（参考复联4）
比红海行动血腥很多
历史事件浪漫化处理，太赞了！！徐克牛逼！！
美军客观刻画
易烊千玺很出彩
有好莱坞式慢镜头特效
有中国志愿军独特的打法
结尾与长津湖开头前后呼应，大泪点！
50亿稳了，60亿看大家了！",力荐,2022-02-01
43,爱看电影999,北京,太长，只是乱打，没有家国情怀，没法共情。编剧不行,还行,2022-02-02
44,叮铃铃,湖北武汉,千里最后就算牺牲了也还是救了万里一命😭😭,力荐,2022-02-01
45,好多豆豆得友,云南普洱,平河呢？-他已经完成任务了。,力荐,2022-02-01
46,木可大朋友,北京,看完之后，更加明白“青山处处埋忠骨”。,力荐,2022-02-01
47,平平无奇,辽宁阜新,怎么说呢，当战士前一秒还在说话，下一秒就被炸碎；当梅生叼着女儿的半截照片完成必死任务；当千里一步步的放手让万里自己飞；当伍万里报数第七穿插连应到一百五十七人，实到一人……我明明是有动容的，但随后就被传统主旋律拍摄手法拉出戏，就这样两个半小时，不断入戏出戏，相当分裂。,还行,2022-02-02
48,高兴得小马,江苏淮安,刚看完水门桥，作为一个工科生不明白，炸桥不应该首选桥墩吗？牺牲那么大盯着桥面炸，多好修啊！不合理,还行,2022-02-05
49,麻瓜凡,关注此人,7分吧。拍的最好的部分是平河炸坦克；拍的最迷惑的地方是桥面插着炮弹，美军却不杀有枪的伍千里而是想留着戏耍。民族英雄不需要通过给敌人降智来凸显。,推荐,2022-02-05
50,狗焕爱德善,北京,大年初一看水门桥，是件挺揪心的事。拍得也不是多好，主人公依次悲壮的死法其实是很刻意的，但我又没办法不难受。,还行,2022-02-01
51,kotrasy,上海,主旋律并没有太多的新意，剧情的走向都在意料之中。本来水门桥是个不错的切入点，明确的战役点引发的来回争夺，可惜在大场面的调度下，还是显得大而不实。雪战的部分镜头很有有游戏感，妆术也符合战况，惨烈度也有一定表达，可惜煽情还是靠配乐和牺牲。战争没有完全的胜负，惨烈是战争的本质，希望看完引发的是对战争的思考，而不是某种情绪的煽动,还行,2022-02-01
52,helloworld,关注此人,战争片不应该这么拍吧,还行,2022-02-02
53,骆驼,关注此人,梅生作为上海人，骨子里都是精致，出场就带着一块手表，这块手表最后到了万里的手里,推荐,2022-02-02
54,missingnava,上海,三炸过程拍得不精彩，人物塑造没有第一部仔细。故事和人物都不如第一部，虽然“新中国万岁”确实可以让人泪盈。,还行,2022-02-01
55,阿斯巴不甜,Croatia,坐立难安了属实是。,还行,2022-02-02
56,SydneyCarton,"Praha, Czech Republic",比第一部差。真的非常非常讨厌这种“典型的徐克大陆电影”，动作戏场面戏的堆砌看得我昏昏欲睡，仅存的动人力量还是上溯前一部乃至《士兵突击》的兰晓龙遗产。,还行,2022-02-02
57,小水滴,上海,比上一部好看，也确实很惨烈，战争戏很出彩。但总感觉不够动人，个人感觉战争片真正打动人心还是要拍人性。，文戏部分可以做的更好一点。,推荐,2022-02-01
58,梅德布耀卜耀德,关注此人,谁也不能阻止中国人民对和平生活的追求，谁也不能侮辱中国人民的尊严！,力荐,2022-02-01
59,读书下棋两不行,四川成都,远不如能文能武李延年,还行,2022-02-02
60,狗焕爱德善,北京,大年初一看水门桥，是件挺揪心的事。拍得也不是多好，主人公依次悲壮的死法其实是很刻意的，但我又没办法不难受。,还行,2022-02-01
61,kotrasy,上海,主旋律并没有太多的新意，剧情的走向都在意料之中。本来水门桥是个不错的切入点，明确的战役点引发的来回争夺，可惜在大场面的调度下，还是显得大而不实。雪战的部分镜头很有有游戏感，妆术也符合战况，惨烈度也有一定表达，可惜煽情还是靠配乐和牺牲。战争没有完全的胜负，惨烈是战争的本质，希望看完引发的是对战争的思考，而不是某种情绪的煽动,还行,2022-02-01
62,helloworld,关注此人,战争片不应该这么拍吧,还行,2022-02-02
63,骆驼,关注此人,梅生作为上海人，骨子里都是精致，出场就带着一块手表，这块手表最后到了万里的手里,推荐,2022-02-02
64,missingnava,上海,三炸过程拍得不精彩，人物塑造没有第一部仔细。故事和人物都不如第一部，虽然“新中国万岁”确实可以让人泪盈。,还行,2022-02-01
65,阿斯巴不甜,Croatia,坐立难安了属实是。,还行,2022-02-02
66,SydneyCarton,"Praha, Czech Republic",比第一部差。真的非常非常讨厌这种“典型的徐克大陆电影”，动作戏场面戏的堆砌看得我昏昏欲睡，仅存的动人力量还是上溯前一部乃至《士兵突击》的兰晓龙遗产。,还行,2022-02-02
67,小水滴,上海,比上一部好看，也确实很惨烈，战争戏很出彩。但总感觉不够动人，个人感觉战争片真正打动人心还是要拍人性。，文戏部分可以做的更好一点。,推荐,2022-02-01
68,梅德布耀卜耀德,关注此人,谁也不能阻止中国人民对和平生活的追求，谁也不能侮辱中国人民的尊严！,力荐,2022-02-01
69,读书下棋两不行,四川成都,远不如能文能武李延年,还行,2022-02-02
70,我去给你煮碗面,浙江杭州,最后七连只剩一个兵的时候，眼泪还是情不自禁得下来了。落后就要受欺负永远没错。,推荐,2022-02-01
71,爱玩的过路人,关注此人,祖国的方向 新中国万岁✧*。٩(ˊωˋ*)و✧*。,力荐,2022-02-01
72,夜总会★金爷,天津,这一部要比上部《长津湖》更加惨烈、更加好看！难以想象，当年的志愿军战士们看到自己付出巨大牺牲后炸掉的水门桥竟然被美军用空投桥梁的方式修好，该是何等的绝望啊！虽已过去了七十年，但志愿军精神永不磨灭！,力荐,2022-02-01
73,马什么梅啊,北京,多一颗星是给真实历史的,还行,2022-02-02
74,ERic,关注此人,不煽情会更好,较差,2022-02-02
75,懿.,关注此人,刚看完首映，破防了！战士们所有人为一个目标，以生命为代价，哪怕只有最后几个人，他们依然坚守总部命令——炸桥。伍万里在山洞说“七连都是我哥哥”、余从戎说“我要让你们都活着回家”。余从戎孤身一人，为余下七连引开飞机轰炸，伍千里连长、雷叔、平河也如此，最后七连只剩伍万里。美军的几番修桥，有人会说根本没用，人太少，可这就是命令。如果都这样想，就不可能完成，但他们依然执行最初，完成了艰难的任务。支援部队最后一刻来了，震撼，浑身暖流，望着大好山河，我们一定会胜利！有这样的战士，视死如归，我们又怎么可能不取得最终胜利？英雄的七连！英雄的战士们！向您们致敬，我们会好好努力，热爱和平、热爱祖国！不负您们，不负祖国！愿祖国永远繁荣昌盛！！！,力荐,2022-02-01
76,知识贫瘠男青年,山东枣庄,"一样的煽情爱国电影😅
至于好不好看……左边有小姐姐哭的稀里哗啦 右边有人睡得呼噜都打出来了",还行,2022-02-04
77,呼哟哟,关注此人,哭得我稀里哗啦的,力荐,2022-02-01
78,Papercut,关注此人,爱国题材yyds 但不能这样无聊吧,较差,2022-02-02
79,alwayswithbm,关注此人,战争本就是不义☹️,推荐,2022-02-01
80,我去给你煮碗面,浙江杭州,最后七连只剩一个兵的时候，眼泪还是情不自禁得下来了。落后就要受欺负永远没错。,推荐,2022-02-01
81,爱玩的过路人,关注此人,祖国的方向 新中国万岁✧*。٩(ˊωˋ*)و✧*。,力荐,2022-02-01
82,夜总会★金爷,天津,这一部要比上部《长津湖》更加惨烈、更加好看！难以想象，当年的志愿军战士们看到自己付出巨大牺牲后炸掉的水门桥竟然被美军用空投桥梁的方式修好，该是何等的绝望啊！虽已过去了七十年，但志愿军精神永不磨灭！,力荐,2022-02-01
83,马什么梅啊,北京,多一颗星是给真实历史的,还行,2022-02-02
84,ERic,关注此人,不煽情会更好,较差,2022-02-02
85,懿.,关注此人,刚看完首映，破防了！战士们所有人为一个目标，以生命为代价，哪怕只有最后几个人，他们依然坚守总部命令——炸桥。伍万里在山洞说“七连都是我哥哥”、余从戎说“我要让你们都活着回家”。余从戎孤身一人，为余下七连引开飞机轰炸，伍千里连长、雷叔、平河也如此，最后七连只剩伍万里。美军的几番修桥，有人会说根本没用，人太少，可这就是命令。如果都这样想，就不可能完成，但他们依然执行最初，完成了艰难的任务。支援部队最后一刻来了，震撼，浑身暖流，望着大好山河，我们一定会胜利！有这样的战士，视死如归，我们又怎么可能不取得最终胜利？英雄的七连！英雄的战士们！向您们致敬，我们会好好努力，热爱和平、热爱祖国！不负您们，不负祖国！愿祖国永远繁荣昌盛！！！,力荐,2022-02-01
86,知识贫瘠男青年,山东枣庄,"一样的煽情爱国电影😅
至于好不好看……左边有小姐姐哭的稀里哗啦 右边有人睡得呼噜都打出来了",还行,2022-02-04
87,呼哟哟,关注此人,哭得我稀里哗啦的,力荐,2022-02-01
88,Papercut,关注此人,爱国题材yyds 但不能这样无聊吧,较差,2022-02-02
89,alwayswithbm,关注此人,战争本就是不义☹️,推荐,2022-02-01
90,WIN小蒂,上海,“特别好特别好就是……我特别特别想你…….”拼命忍住眼泪最后报数那边泪崩。 中国志愿军永垂不朽！！,力荐,2022-02-01
91,月兔Micaela,关注此人,最好的观后感:我会很珍惜很珍惜今天的生活。,推荐,2022-02-02
92,别别针,浙江宁波,全片最燃“第七穿插连应到157人，实到1人”。,还行,2022-02-05
93,好饿啊,关注此人,单纯以电影角度出发，我觉得故事/电影结构不如第一部。第一部的故事线结构分明，有记忆点；水门桥的故事线相对比较单薄：机场（大概1/4？）———炸桥（占据电影后半程），炸桥部分为群像展示，每位成员接连下线。看完之后感觉只记得狂轰滥炸，故事线没了,还行,2022-02-01
94,凌侃侃,关注此人,"从头打到尾，血腥程度有达到珍爱和平的目的。摄影和特效比较拉闸，装造好评。文戏拉闸，总觉得一些地方能往深处挖人物的内心世界。
之所以对于战争没什么共鸣，是因为我出生在相对和平的年代，出生在一个和平的国家。向中国人民解放军致敬！",还行,2022-02-01
95,MoCuishle,湖南长沙,"比长津湖更沉重更好精彩。大年初一和8岁的侄子一起去看，整个厅里好多小朋友，他们都看的很认真。我8岁的侄子已经能清楚知道抗美援朝打的是美国，后面的小女孩哭了好久。我想这就是意义，历史不能忘记。致敬伟大的志愿军烈士。",力荐,2022-02-01
96,光影人生,北京,"战争场面开场就入戏，又爽又燃，志愿军和美军正面硬刚，轰炸机，坦克，榴弹炮，枪战应接不暇，炮火轰鸣的视觉和音效中，真实刺激，仿佛身临其境，十分震撼！当然重要的是，这部电影还是那么的感人好哭，让人的情绪拉的满满地！爱国情，战友情，兄弟情，父女情全都戳在泪点上，在影院一直哭的缓不过来劲。 他们在自己大好年华把该打的仗打完了，才有我们现在的太平盛世！勇敢无畏的七连YYDS, 志愿军YYDS！",力荐,2022-02-01
97,函数其,关注此人,平河原来有这样的秘密啊，真是没想到，这一幕看似是忏悔，实则更像是一种告别。,推荐,2022-02-01
98,Nobody,Liechtenstein,致敬先烈。千玺真的太好了，结尾寥寥几句台词，几段特写表情，给我哭得稀里哗啦。整体比上部好很多，少来一些慢镜死亡回放会好很多。整体来看，上下部一起全景展现长津湖战役，算是中国电影对先烈的祭奠吧。,推荐,2022-02-01
99,儒商书,河南商丘,破防了，真滴好看，比第一部强。,推荐,2022-02-01
100,Jack,四川内江,"不理解，炸桥的方式还是通过手枪击中炸药包而引爆，为何一定要人去往坦克肚子下面钻。强行牺牲还有就是总部怎么一点儿支援部队都跟不上，敌人的增援部队都到了，我方一人没有，总部认为我方炸桥的部队有多少人？多少装备？除了是个爱国题材，让人看了心疼志愿军的困难环境，感受他们的不屈精神，这部影片的作战计划，可谓称得上没读过兵书一般。",还行,2022-02-07
101,稚星,辽宁沈阳,还能说什么…价值在于我们见证了中国电影工业化的进步…,较差,2022-02-02
102,函数其,关注此人,平河原来有这样的秘密啊，真是没想到，这一幕看似是忏悔，实则更像是一种告别。,推荐,2022-02-01
103,Nobody,Liechtenstein,致敬先烈。千玺真的太好了，结尾寥寥几句台词，几段特写表情，给我哭得稀里哗啦。整体比上部好很多，少来一些慢镜死亡回放会好很多。整体来看，上下部一起全景展现长津湖战役，算是中国电影对先烈的祭奠吧。,推荐,2022-02-01
104,周周,北京,完整的商业工业片，对我来说没什么吸引力，但是爸妈爱看我们跟着看就是了,还行,2022-02-04
105,儒商书,河南商丘,破防了，真滴好看，比第一部强。,推荐,2022-02-01
106,Joe,江苏苏州,徐克导演的风格跟主旋律电影搭配不到一起。不真实感太强了。能文能武李延年比它好看，狙击手也比它好看。感觉这部电影缺少灵魂，倒像是美军的宣传片。,null,2022-02-06
107,巴巴拉少校,Djibouti,把炮声当雷声可以好好睡一觉,较差,2022-02-05
108,Walder Frey,关注此人,就开头还行，炮营爱了,还行,2022-02-01
109,叮铃铃,湖北武汉,千里最后就算牺牲了也还是救了万里一命😭😭,力荐,2022-02-01
110,好多豆豆得友,云南普洱,平河呢？-他已经完成任务了。,力荐,2022-02-01
111,宇声淅沥,天津,整体比上一部观感好一些。文武戏节奏比例均尚可，也更贴近生活实际，战争场面调度不够清晰，配乐过多。张涵予最后的出场是个好句号。,还行,2022-02-01
112,木可大朋友,北京,看完之后，更加明白“青山处处埋忠骨”。,力荐,2022-02-01
113,Singin'in rain,"London, United Kingdom",跟第一部半斤八两，看完也没留下太多印象，悬在天上的主旋律命题作文。我一贯的观点，这两盘菜只是在恰当的时间做出来了，时势造票房，菜品本身不做评价。,还行,2022-02-07
114,一只肉哈,关注此人,和长津湖差不多。就是结尾太一般了。伍万里一路躺赢，成为七连最后一个活着的人。为什么活着太扯了🤪,较差,2022-02-04
115,梅德布耀卜耀德,关注此人,谁也不能阻止中国人民对和平生活的追求，谁也不能侮辱中国人民的尊严！,力荐,2022-02-01
116,爱玩的过路人,关注此人,祖国的方向 新中国万岁✧*。٩(ˊωˋ*)و✧*。,力荐,2022-02-01
117,TheAnglesWept,云南德宏,四字弟弟哭戏训练平台。,较差,2022-02-05
118,溯溯,关注此人,感觉还行，但是再出我不会看了,推荐,2022-02-01
119,lcn,湖南长沙,前面一小截战术布置很清楚，接下来却出现了多个不能原谅的错误。,还行,2022-02-02
120,凌侃侃,关注此人,"从头打到尾，血腥程度有达到珍爱和平的目的。摄影和特效比较拉闸，装造好评。文戏拉闸，总觉得一些地方能往深处挖人物的内心世界。
之所以对于战争没什么共鸣，是因为我出生在相对和平的年代，出生在一个和平的国家。向中国人民解放军致敬！",还行,2022-02-01
121,醉清风,关注此人,没第一部好看,还行,2022-02-01
122,TheAnglesWept,云南德宏,四字弟弟哭戏训练平台。,较差,2022-02-05
123,HaoLi,河南郑州,场面一如既往的激烈、爱国氛围浓重，抗美援朝实属不易～剧情还可以在加强一下,推荐,2022-02-01
124,dhsnzgaiz,湖北武汉,徐克什么时候学会玩微缩模型的hhhhhh,还行,2022-02-01
125,公无渡河,关注此人,既然有两部，不如拍成8集短剧，每集一小时。,推荐,2022-02-04
126,二十一杯酒,浙江杭州,看完还是很不错的,推荐,2022-02-01
127,学术外围男,上海,可能是因为剧情聚焦，相比上一部节奏混乱，武侠战争混搭要好很多，能体现出美军的装备精良和我军的精神伟大，而且也没有辣眼睛的武侠，出格的动作戏,推荐,2022-02-01
128,呼哟哟,关注此人,哭得我稀里哗啦的,力荐,2022-02-01
129,Tik Tok791,内蒙古通辽,徐克90%，但体验真的蛮差的，真的不好看，甚至不如第一部,较差,2022-02-06
130,WIN小蒂,上海,“特别好特别好就是……我特别特别想你…….”拼命忍住眼泪最后报数那边泪崩。 中国志愿军永垂不朽！！,力荐,2022-02-01
131,江水悠悠,关注此人,不如第一部，情节过分简单，细节经不起推敲，甚至有点平庸无味。,推荐,2022-02-02
132,Panda561,北京,看了《冬与狮》，就明白七连的结局了,还行,2022-02-01
133,Jack,四川内江,"不理解，炸桥的方式还是通过手枪击中炸药包而引爆，为何一定要人去往坦克肚子下面钻。强行牺牲还有就是总部怎么一点儿支援部队都跟不上，敌人的增援部队都到了，我方一人没有，总部认为我方炸桥的部队有多少人？多少装备？除了是个爱国题材，让人看了心疼志愿军的困难环境，感受他们的不屈精神，这部影片的作战计划，可谓称得上没读过兵书一般。",还行,2022-02-07
134,MoCuishle,湖南长沙,"比长津湖更沉重更好精彩。大年初一和8岁的侄子一起去看，整个厅里好多小朋友，他们都看的很认真。我8岁的侄子已经能清楚知道抗美援朝打的是美国，后面的小女孩哭了好久。我想这就是意义，历史不能忘记。致敬伟大的志愿军烈士。",力荐,2022-02-01
135,周周,北京,完整的商业工业片，对我来说没什么吸引力，但是爸妈爱看我们跟着看就是了,还行,2022-02-04
136,千纸鹤,关注此人,论用镜头讲故事的能力，不得不服徐克，镜头运用炉火纯青，将战争的残酷和战士们的坚定表达的淋漓尽致。,推荐,2022-02-01
137,大象,江苏南京,"如果已经不用再歌唱那远去的少年，
杯光碟影的乐土，
我只能告诉你，
最夺目并最操蛋的都已经化作了山脉。 被摧毁 被重建 被赞美 被陷害 所有的这一切在这星球上都算不上新鲜事，毕竟每个时代的日常都差不多。",很差,2022-02-02
138,光影人生,北京,"战争场面开场就入戏，又爽又燃，志愿军和美军正面硬刚，轰炸机，坦克，榴弹炮，枪战应接不暇，炮火轰鸣的视觉和音效中，真实刺激，仿佛身临其境，十分震撼！当然重要的是，这部电影还是那么的感人好哭，让人的情绪拉的满满地！爱国情，战友情，兄弟情，父女情全都戳在泪点上，在影院一直哭的缓不过来劲。 他们在自己大好年华把该打的仗打完了，才有我们现在的太平盛世！勇敢无畏的七连YYDS, 志愿军YYDS！",力荐,2022-02-01
139,Joe,江苏苏州,徐克导演的风格跟主旋律电影搭配不到一起。不真实感太强了。能文能武李延年比它好看，狙击手也比它好看。感觉这部电影缺少灵魂，倒像是美军的宣传片。,null,2022-02-06
140,溯溯,关注此人,感觉还行，但是再出我不会看了,推荐,2022-02-01
141,龙妈1303,北京,将近三个小时全是战争场面，让人视觉疲劳，没有第一部火车上看长城那种美得动人心魄的神来之笔，本质上就是在看徐克的武侠片，最后结尾两兄弟的对话是最感动的地方，结果被突兀又难听的片尾曲吓了一跳，这歌太减分了。,还行,2022-02-04
142,WIN小蒂,上海,“特别好特别好就是……我特别特别想你…….”拼命忍住眼泪最后报数那边泪崩。 中国志愿军永垂不朽！！,力荐,2022-02-01
143,MoCuishle,湖南长沙,"比长津湖更沉重更好精彩。大年初一和8岁的侄子一起去看，整个厅里好多小朋友，他们都看的很认真。我8岁的侄子已经能清楚知道抗美援朝打的是美国，后面的小女孩哭了好久。我想这就是意义，历史不能忘记。致敬伟大的志愿军烈士。",力荐,2022-02-01
144,光影人生,北京,"战争场面开场就入戏，又爽又燃，志愿军和美军正面硬刚，轰炸机，坦克，榴弹炮，枪战应接不暇，炮火轰鸣的视觉和音效中，真实刺激，仿佛身临其境，十分震撼！当然重要的是，这部电影还是那么的感人好哭，让人的情绪拉的满满地！爱国情，战友情，兄弟情，父女情全都戳在泪点上，在影院一直哭的缓不过来劲。 他们在自己大好年华把该打的仗打完了，才有我们现在的太平盛世！勇敢无畏的七连YYDS, 志愿军YYDS！",力荐,2022-02-01
145,HaoLi,河南郑州,场面一如既往的激烈、爱国氛围浓重，抗美援朝实属不易～剧情还可以在加强一下,推荐,2022-02-01
146,自由人,河南开封,感人至深  必须五星好评,力荐,2022-02-01
147,电影发烧友,广东广州,继承了第一部的风格，依旧是大量的绿幕取景，以战争的惨烈来博得观众好感；特效比第一部有所提高——让人看得更舒服了。《长津湖》妄图拍出《大决战》的辉煌，然而却只能望其项背。7.0/10,还行,2022-02-04
148,momo,关注此人,死了两个连的人炸桥，美军用飞机就把桥修好了，有点替他们不值得。大过年看的哭兮兮,力荐,2022-02-01
149,脱离高级趣味的,广东佛山,老大带着老二上战场，老二带老大骨灰回家；老三跟着老二上战场，带着老二骨灰回家。挺感动的。,力荐,2022-02-02
150,Jay Zang,重庆,太好了，演员演技全部到位。比第一部还好哭😭😭😭,力荐,2022-02-01
151,。。。。。。,关注此人,观感比第一部好很多。这才是战争片该有的样子，有火力覆盖有机动穿插，有战术素养有战斗意志，有战争残酷有战友温情。没有像“神剧”一样把敌人塑造成傻子，也没有像部分影视作品一样把我军的胜利果实刻画成依靠无脑的堆人头牺牲所得。战争场面恢弘而有条理，群像塑造也不会很脸谱化，平河和余从戎牺牲的片段令人动容。,力荐,2022-02-05
152,公无渡河,关注此人,既然有两部，不如拍成8集短剧，每集一小时。,推荐,2022-02-04
153,薇薇安,上海,挺没意思的。,较差,2022-02-02
154,二十一杯酒,浙江杭州,看完还是很不错的,推荐,2022-02-01
155,稚星,辽宁沈阳,还能说什么…价值在于我们见证了中国电影工业化的进步…,较差,2022-02-02
156,铅笔✏️,广东深圳,主题在那，万众期待但剧情有些地方说不过去,还行,2022-02-02
157,近视眼小熊猫,上海,"不知道是剧本还是拍摄表现方式，显得整部电影有点怪。电影最后恢复七连建制时候哭成一头猪，回去要再看一遍士兵突击。
期待电视剧版",还行,2022-02-02
158,巴巴拉少校,Djibouti,把炮声当雷声可以好好睡一觉,较差,2022-02-05
159,宝藏男孩,上海,林超贤参与的电影必须经典！国内主旋律电影导演第一人！,力荐,2022-02-01
160,Panda561,北京,看了《冬与狮》，就明白七连的结局了,还行,2022-02-01
161,野草莓,关注此人,我觉得比第一部好看，故事更紧凑，第一部有点散，战争节奏太快。平河最惨。,力荐,2022-02-01
162,Jack,四川内江,"不理解，炸桥的方式还是通过手枪击中炸药包而引爆，为何一定要人去往坦克肚子下面钻。强行牺牲还有就是总部怎么一点儿支援部队都跟不上，敌人的增援部队都到了，我方一人没有，总部认为我方炸桥的部队有多少人？多少装备？除了是个爱国题材，让人看了心疼志愿军的困难环境，感受他们的不屈精神，这部影片的作战计划，可谓称得上没读过兵书一般。",还行,2022-02-07
163,周周,北京,完整的商业工业片，对我来说没什么吸引力，但是爸妈爱看我们跟着看就是了,还行,2022-02-04
164,陌上谜鹿,山西晋中,比第一部好多了，文戏挺煽情的，尤其是那句“新中国万岁”，战斗牺牲场面很震撼，也很真实，真的是战至最后一人，九连干脆就打没了，战术布置也有了，但李延年珠玉在前，面对美军重火力抱团冲锋，零下40度迫击炮从未哑火，战士直接把缴获的电台打掉，连长时刻缺失在指挥位置上等等小毛病还是无法完全满意,推荐,2022-02-01
165,格兰芬多,"St. Louis, United States","《水门桥》带来的泪水，是真正的家国情怀。

致敬，中国人民志愿军。",力荐,2022-02-01
166,Joe,江苏苏州,徐克导演的风格跟主旋律电影搭配不到一起。不真实感太强了。能文能武李延年比它好看，狙击手也比它好看。感觉这部电影缺少灵魂，倒像是美军的宣传片。,null,2022-02-06
167,W_H-L,关注此人,特效和制作可以 除了四字弟弟全员be很感人 但缺少故事线,推荐,2022-02-01
168,Walder Frey,关注此人,就开头还行，炮营爱了,还行,2022-02-01
169,宇声淅沥,天津,整体比上一部观感好一些。文武戏节奏比例均尚可，也更贴近生活实际，战争场面调度不够清晰，配乐过多。张涵予最后的出场是个好句号。,还行,2022-02-01
170,一只肉哈,关注此人,和长津湖差不多。就是结尾太一般了。伍万里一路躺赢，成为七连最后一个活着的人。为什么活着太扯了🤪,较差,2022-02-04
171,加菲,关注此人,比上一部好很多。,推荐,2022-02-02
172,北北。,关注此人,比第一部短一些，比第一部看的难过了些，比第一部更惨了些，第七穿插连应到157人，实到1人，我哭死了,力荐,2022-02-02
173,Singin'in rain,"London, United Kingdom",跟第一部半斤八两，看完也没留下太多印象，悬在天上的主旋律命题作文。我一贯的观点，这两盘菜只是在恰当的时间做出来了，时势造票房，菜品本身不做评价。,还行,2022-02-07
174,TheAnglesWept,云南德宏,四字弟弟哭戏训练平台。,较差,2022-02-05
175,若轻,辽宁沈阳,突突突大场面很多，文戏有点看不进去，导致观影过程中我的悲伤情绪大部分不是源于爱国主义情怀而是小家小爱，当然两者没有谁比谁更高贵，就感觉编剧和导演可以做的更好吧。,推荐,2022-02-01
176,大丸子,关注此人,相比第一部这部显得更独立简单，看完之后总感觉少点什么，有些画面过于血腥并不适合低龄儿童。,推荐,2022-02-01
177,蓝天,关注此人,志愿军战士永垂不朽！美帝打朝鲜战争时已经富了100多年，当时的工业全球第一，三次舍生忘死的炸桥，美帝最后用两天在日本赶制钢板空运到水门桥一铺就过桥了。能够取得胜利，靠的是英勇无畏的精神！72年过去，国人当自强，科技创新迎头赶上。,力荐,2022-02-02
178,Tik Tok791,内蒙古通辽,徐克90%，但体验真的蛮差的，真的不好看，甚至不如第一部,较差,2022-02-06
179,无聊人士,广东广州,贺岁片不困耶！,推荐,2022-02-01
180,一只肉哈,关注此人,和长津湖差不多。就是结尾太一般了。伍万里一路躺赢，成为七连最后一个活着的人。为什么活着太扯了🤪,较差,2022-02-04
181,加菲,关注此人,比上一部好很多。,推荐,2022-02-02
182,北北。,关注此人,比第一部短一些，比第一部看的难过了些，比第一部更惨了些，第七穿插连应到157人，实到1人，我哭死了,力荐,2022-02-02
183,Singin'in rain,"London, United Kingdom",跟第一部半斤八两，看完也没留下太多印象，悬在天上的主旋律命题作文。我一贯的观点，这两盘菜只是在恰当的时间做出来了，时势造票房，菜品本身不做评价。,还行,2022-02-07
184,TheAnglesWept,云南德宏,四字弟弟哭戏训练平台。,较差,2022-02-05
185,若轻,辽宁沈阳,突突突大场面很多，文戏有点看不进去，导致观影过程中我的悲伤情绪大部分不是源于爱国主义情怀而是小家小爱，当然两者没有谁比谁更高贵，就感觉编剧和导演可以做的更好吧。,推荐,2022-02-01
186,大丸子,关注此人,相比第一部这部显得更独立简单，看完之后总感觉少点什么，有些画面过于血腥并不适合低龄儿童。,推荐,2022-02-01
187,蓝天,关注此人,志愿军战士永垂不朽！美帝打朝鲜战争时已经富了100多年，当时的工业全球第一，三次舍生忘死的炸桥，美帝最后用两天在日本赶制钢板空运到水门桥一铺就过桥了。能够取得胜利，靠的是英勇无畏的精神！72年过去，国人当自强，科技创新迎头赶上。,力荐,2022-02-02
188,Tik Tok791,内蒙古通辽,徐克90%，但体验真的蛮差的，真的不好看，甚至不如第一部,较差,2022-02-06
189,无聊人士,广东广州,贺岁片不困耶！,推荐,2022-02-01
190,lcn,湖南长沙,前面一小截战术布置很清楚，接下来却出现了多个不能原谅的错误。,还行,2022-02-02
191,达卜楼,关注此人,太长了，文字拉胯，武戏疲劳,还行,2022-02-02
192,xenomorph,江苏南京,拍的真的太好了，结尾也很震撼，就是这个结尾呢，好像在哪见过……,力荐,2022-02-01
193,哒啦啦,上海,这一部我好喜欢啊！不管是情节上还是拍摄手法上都很完整统一，动人的地方很多，易烊千玺演得真的好牛啊，旁边的姑娘哭得太大声了,力荐,2022-02-01
194,Vicbourne,北京,对于《水门桥》的“含京量”很满意，各种英雄之举，情绪也饱满到位，还有小顽皮。老段很有光彩，嗑“死鬼CP”的可以支楞起来了～～～但片子本身很平庸，战争结局拍得很差劲，不过，结尾处两段文戏对于情感升华还是很有效的。总之，7分左右吧，手紧点儿就及格，手松点儿可以够到良好。看在“含京量十足”的份儿上，多给一分也是可以的～～～其实应该三星半，多半星都给京哥！,推荐,2022-02-01
195,虫声新,北京,两颗星全部给抗美援朝的战士们，雪是冷的，而血是热的，电影拍的真差…剧本生硬，台词尴尬，只有燃烧的经费，但是那个咬着女儿照片的军人还是很让我难过,较差,2022-02-11
196,挑兮达兮,山东威海,突突突都给我看累了。,较差,2022-02-05
197,Vzun,安徽滁州,整体观感，这已经不是电影了，，,较差,2022-02-10
198,龙妈1303,北京,将近三个小时全是战争场面，让人视觉疲劳，没有第一部火车上看长城那种美得动人心魄的神来之笔，本质上就是在看徐克的武侠片，最后结尾两兄弟的对话是最感动的地方，结果被突兀又难听的片尾曲吓了一跳，这歌太减分了。,还行,2022-02-04
199,Grace,关注此人,感动震撼，不可磨灭的意志。被七连伍万里最后报数：“第七连穿插应到一百五十七人，实到一人”这句话整得涕泪横流,力荐,2022-02-01
200,北北。,关注此人,比第一部短一些，比第一部看的难过了些，比第一部更惨了些，第七穿插连应到157人，实到1人，我哭死了,力荐,2022-02-02
201,电影发烧友,广东广州,继承了第一部的风格，依旧是大量的绿幕取景，以战争的惨烈来博得观众好感；特效比第一部有所提高——让人看得更舒服了。《长津湖》妄图拍出《大决战》的辉煌，然而却只能望其项背。7.0/10,还行,2022-02-04
202,蓝天,关注此人,志愿军战士永垂不朽！美帝打朝鲜战争时已经富了100多年，当时的工业全球第一，三次舍生忘死的炸桥，美帝最后用两天在日本赶制钢板空运到水门桥一铺就过桥了。能够取得胜利，靠的是英勇无畏的精神！72年过去，国人当自强，科技创新迎头赶上。,力荐,2022-02-02
203,铅笔✏️,广东深圳,主题在那，万众期待但剧情有些地方说不过去,还行,2022-02-02
204,xenomorph,江苏南京,拍的真的太好了，结尾也很震撼，就是这个结尾呢，好像在哪见过……,力荐,2022-02-01
205,哒啦啦,上海,这一部我好喜欢啊！不管是情节上还是拍摄手法上都很完整统一，动人的地方很多，易烊千玺演得真的好牛啊，旁边的姑娘哭得太大声了,力荐,2022-02-01
206,加菲,关注此人,比上一部好很多。,推荐,2022-02-02
207,近视眼小熊猫,上海,"不知道是剧本还是拍摄表现方式，显得整部电影有点怪。电影最后恢复七连建制时候哭成一头猪，回去要再看一遍士兵突击。
期待电视剧版",还行,2022-02-02
208,Grace,关注此人,感动震撼，不可磨灭的意志。被七连伍万里最后报数：“第七连穿插应到一百五十七人，实到一人”这句话整得涕泪横流,力荐,2022-02-01
209,达乌里秦艽,北京,小目标都完成了，桥炸掉了，但没完全毁掉，最终也没有能真正阻止美军撤退。但是战士们能因为这就不冲锋了吗？他们不会，哪怕拼到不剩一人，他们也要完成任务。他们的牺牲没有意义吗？不是的。,力荐,2022-02-02
210,迷亭,"Kyoto, Japan",美军为什么对着在水门桥上的解放军放大炮？不怕自己就把自己的退路炸了吗……,还行,2022-02-04
211,若轻,辽宁沈阳,突突突大场面很多，文戏有点看不进去，导致观影过程中我的悲伤情绪大部分不是源于爱国主义情怀而是小家小爱，当然两者没有谁比谁更高贵，就感觉编剧和导演可以做的更好吧。,推荐,2022-02-01
212,大丸子,关注此人,相比第一部这部显得更独立简单，看完之后总感觉少点什么，有些画面过于血腥并不适合低龄儿童。,推荐,2022-02-01
213,小鱼,福建福州,"看完心情很沉重。
伍万里拿到旗帜的那一刻，才有些明白军人的荣耀是多么沉。",力荐,2022-02-02
214,zkd🐻,关注此人,新年的第一次哭泣给了千玺弟弟  文戏和感情戏不多但是很顺的串起了全剧  千里和平河最后的对手戏是第一个泪点  梅生开车冲下去是第二个泪点  万里最后接过旗子直接泪崩  全剧最后千里和万里的对手戏结束影院的人情绪都到顶点了  旁边小朋友和他的爸爸都开始偷偷抹眼泪  总体观感比第一部好很多  是很合格的贺岁片,力荐,2022-02-01
215,无聊人士,广东广州,贺岁片不困耶！,推荐,2022-02-01
216,咖啡不菲i,江苏苏州,感动感动，易烊千玺实力男演员,力荐,2022-02-02
217,kevin,陕西西安,勉强及格。很难说哪里优异，也很难说哪里差。中规中矩的战斗，中规中矩的叙事，中规中矩的结局，中规中矩的煽情……一切都是这么中规中矩。志愿军战士nb，但电影也就那样。,还行,2022-02-07
218,还有阿拉闫,关注此人,到底是为什么要炸这该死的桥,还行,2022-02-12
219,Vicbourne,北京,对于《水门桥》的“含京量”很满意，各种英雄之举，情绪也饱满到位，还有小顽皮。老段很有光彩，嗑“死鬼CP”的可以支楞起来了～～～但片子本身很平庸，战争结局拍得很差劲，不过，结尾处两段文戏对于情感升华还是很有效的。总之，7分左右吧，手紧点儿就及格，手松点儿可以够到良好。看在“含京量十足”的份儿上，多给一分也是可以的～～～其实应该三星半，多半星都给京哥！,推荐,2022-02-01
220,迷亭,"Kyoto, Japan",美军为什么对着在水门桥上的解放军放大炮？不怕自己就把自己的退路炸了吗……,还行,2022-02-04
221,若轻,辽宁沈阳,突突突大场面很多，文戏有点看不进去，导致观影过程中我的悲伤情绪大部分不是源于爱国主义情怀而是小家小爱，当然两者没有谁比谁更高贵，就感觉编剧和导演可以做的更好吧。,推荐,2022-02-01
222,大丸子,关注此人,相比第一部这部显得更独立简单，看完之后总感觉少点什么，有些画面过于血腥并不适合低龄儿童。,推荐,2022-02-01
223,小鱼,福建福州,"看完心情很沉重。
伍万里拿到旗帜的那一刻，才有些明白军人的荣耀是多么沉。",力荐,2022-02-02
224,zkd🐻,关注此人,新年的第一次哭泣给了千玺弟弟  文戏和感情戏不多但是很顺的串起了全剧  千里和平河最后的对手戏是第一个泪点  梅生开车冲下去是第二个泪点  万里最后接过旗子直接泪崩  全剧最后千里和万里的对手戏结束影院的人情绪都到顶点了  旁边小朋友和他的爸爸都开始偷偷抹眼泪  总体观感比第一部好很多  是很合格的贺岁片,力荐,2022-02-01
225,无聊人士,广东广州,贺岁片不困耶！,推荐,2022-02-01
226,咖啡不菲i,江苏苏州,感动感动，易烊千玺实力男演员,力荐,2022-02-02
227,kevin,陕西西安,勉强及格。很难说哪里优异，也很难说哪里差。中规中矩的战斗，中规中矩的叙事，中规中矩的结局，中规中矩的煽情……一切都是这么中规中矩。志愿军战士nb，但电影也就那样。,还行,2022-02-07
228,还有阿拉闫,关注此人,到底是为什么要炸这该死的桥,还行,2022-02-12
229,Vicbourne,北京,对于《水门桥》的“含京量”很满意，各种英雄之举，情绪也饱满到位，还有小顽皮。老段很有光彩，嗑“死鬼CP”的可以支楞起来了～～～但片子本身很平庸，战争结局拍得很差劲，不过，结尾处两段文戏对于情感升华还是很有效的。总之，7分左右吧，手紧点儿就及格，手松点儿可以够到良好。看在“含京量十足”的份儿上，多给一分也是可以的～～～其实应该三星半，多半星都给京哥！,推荐,2022-02-01
230,暖。,四川成都,我很爱国，我也铭记历史。但是这种不太有剧情的主旋律是真不想老了。,推荐,2022-02-02
231,南柯一梦,北京,比第一部更加真实感人，春节档唯一有希望冲击70亿票房的电影。,力荐,2022-02-01
232,1128,关注此人,镜头画面绝了，好多血腥的场面，先辈不易！！,力荐,2022-02-01
233,Augusta,广东广州,战史是全部牺牲，电影为观众保留了一个希望。新中国，万岁！,力荐,2022-02-01
234,艺术设计君,北京,新中国万岁,力荐,2022-02-01
235,kylegun,北京,一只耳力士mini-boss，人体挡坦克碾压战，各种突然血肉爆炸，雪山战狼独闯龙潭……电脑特效质量比上集完成度高了一丢丢，但没了林超贤写实向动作场面加持，徐克子弹时间慢镜头漫画武侠风玩脱了，《智取威虎山》样板戏这样拍可以，正儿八经战争片这么拍实在是……让人想起了当年拍《风语者》的吴宇森,还行,2022-02-24
236,好久好久可能你,关注此人,伍千里每一次发布任务都会心酸，都知道九死一生但是为了为了祖国不得不安排任务，那场面每一次都令人动容,力荐,2022-02-01
237,小发条,山东东营,太惨了，全程都在打打打死死死，看得好累啊，这个电影过年看感觉不吉利😂,还行,2022-02-02
238,Aoni,安徽阜阳,微缩模型让我出戏了，而且最后伍千里炸桥，导弹都扔缝里了，美国军官怎么还要娱乐一下，不知道主角有主角光环的吗！但是总体还是非常不错的，我坚信战争比这更惨烈，我也坚信真正的战争里，有主角知道必胜结局一样坚定的信念。还有呼应了第一部伍千里带着伍百里带着骨灰回来，真的流泪了。,推荐,2022-02-02
239,🌻🎐🐬,关注此人,哭的稀里哗啦的,力荐,2022-02-01
240,暖。,四川成都,我很爱国，我也铭记历史。但是这种不太有剧情的主旋律是真不想老了。,推荐,2022-02-02
241,南柯一梦,北京,比第一部更加真实感人，春节档唯一有希望冲击70亿票房的电影。,力荐,2022-02-01
242,1128,关注此人,镜头画面绝了，好多血腥的场面，先辈不易！！,力荐,2022-02-01
243,Augusta,广东广州,战史是全部牺牲，电影为观众保留了一个希望。新中国，万岁！,力荐,2022-02-01
244,艺术设计君,北京,新中国万岁,力荐,2022-02-01
245,kylegun,北京,一只耳力士mini-boss，人体挡坦克碾压战，各种突然血肉爆炸，雪山战狼独闯龙潭……电脑特效质量比上集完成度高了一丢丢，但没了林超贤写实向动作场面加持，徐克子弹时间慢镜头漫画武侠风玩脱了，《智取威虎山》样板戏这样拍可以，正儿八经战争片这么拍实在是……让人想起了当年拍《风语者》的吴宇森,还行,2022-02-24
246,好久好久可能你,关注此人,伍千里每一次发布任务都会心酸，都知道九死一生但是为了为了祖国不得不安排任务，那场面每一次都令人动容,力荐,2022-02-01
247,小发条,山东东营,太惨了，全程都在打打打死死死，看得好累啊，这个电影过年看感觉不吉利😂,还行,2022-02-02
248,Aoni,安徽阜阳,微缩模型让我出戏了，而且最后伍千里炸桥，导弹都扔缝里了，美国军官怎么还要娱乐一下，不知道主角有主角光环的吗！但是总体还是非常不错的，我坚信战争比这更惨烈，我也坚信真正的战争里，有主角知道必胜结局一样坚定的信念。还有呼应了第一部伍千里带着伍百里带着骨灰回来，真的流泪了。,推荐,2022-02-02
249,🌻🎐🐬,关注此人,哭的稀里哗啦的,力荐,2022-02-01
250,幸运+++,"Edmonton, Canada",场面很大，噼里啪啦的炸，但拍的有点墨迹，慢镜头太多了。2022春节档第六弹，最后一部了。,还行,2022-02-12
251,有心打扰,福建泉州,每个重要角色死亡之际的华彩描绘，一位又一位英雄的英勇就义，总有一幕能集中你内心柔软的地方，让你破防。而七连唯一生还的战士的背影，同样令人心疼。,还行,2022-02-02
252,Jacob Wang,北京,（华夏影城长沙龙湾商业广场店）陪长辈去影院看完了这部电影，第一感觉就是真的太长了，电影叙事大逻辑含糊，很拖拉。说实在的，剧情、画面、演员的演技特效都可以，就真的是太拖拉了。原本以为结束了，又整一个小高潮，高潮完了想着终于要结束了吧，md又来一个刺点，转折太多都有点看腻了。另外最后是哪位大佬把三位指导导的戏合在一起的？敢情是谁也不想得罪么，电影结尾就是三位导演的三段结尾生接在一起，甚至看风格就知道哪一段结局是哪一位大佬的风格。最后一段结局结束的时候的结尾音乐也是很硬，和画面不相融。整体来看，从画面、演技来看，给电影四星，剧情拖拉扣一星，综合三星。,还行,2022-02-02
253,稀里哗啦,四川宜宾,这段历史值得铭记,推荐,2022-02-07
254,居无间,上海,徐克上手，战争戏拍得比上一部要细致，包括战略部署，与步步攻坚的过程。伍千里的两次动作戏，连续的飞身跳跃、挎着钢板下滑，最能体现导演的武侠风格。徐克也是技术控，雪与火的特效都有升级，印象最深的是，他详细展示了战士们形消骨灭的过程，最大程度渲染出了战士牺牲的悲壮与战争的残酷。,推荐,2022-02-02
255,咔珊德拉,关注此人,有些战争我们必须打，没有退路，有些牺牲我们必须上，没有余地，战斗精神无畏，中国人民志愿军万岁。,力荐,2022-02-02
256,没什么,关注此人,个人觉得比第一部要好啊,力荐,2022-02-01
257,孟祥哥哥,安徽黄山,比第一部好看太多了，有点费纸，特别好的意思就是,力荐,2022-02-01
258,梁威是条狗,广东广州,当血肉长城阻退了战争机器，真是一部让人难过的爽片。和《长津湖》不同，本片主要是徐克导演，陈凯歌和林超贤成了监制，感觉拍得更好看了。看过长津湖战役的纪录片，其实真实的炸桥，炸了更多次，最后连桥墩都炸了，比影片还要残酷，最后还是输给了美国人在日本连夜定制“钢桥”。最后一个真正“浴火重生”的戏剧性结局，一个生命的消逝，换来了一个英雄精神的延续和民族的“未来”，不禁让人感慨绝了，还是得徐老怪啊。,力荐,2022-02-16
259,海绵宝宝,浙江杭州,伍万里真的是见一次爱一次，续集也是非常精彩啊！！,力荐,2022-02-01
260,幸运+++,"Edmonton, Canada",场面很大，噼里啪啦的炸，但拍的有点墨迹，慢镜头太多了。2022春节档第六弹，最后一部了。,还行,2022-02-12
261,有心打扰,福建泉州,每个重要角色死亡之际的华彩描绘，一位又一位英雄的英勇就义，总有一幕能集中你内心柔软的地方，让你破防。而七连唯一生还的战士的背影，同样令人心疼。,还行,2022-02-02
262,Jacob Wang,北京,（华夏影城长沙龙湾商业广场店）陪长辈去影院看完了这部电影，第一感觉就是真的太长了，电影叙事大逻辑含糊，很拖拉。说实在的，剧情、画面、演员的演技特效都可以，就真的是太拖拉了。原本以为结束了，又整一个小高潮，高潮完了想着终于要结束了吧，md又来一个刺点，转折太多都有点看腻了。另外最后是哪位大佬把三位指导导的戏合在一起的？敢情是谁也不想得罪么，电影结尾就是三位导演的三段结尾生接在一起，甚至看风格就知道哪一段结局是哪一位大佬的风格。最后一段结局结束的时候的结尾音乐也是很硬，和画面不相融。整体来看，从画面、演技来看，给电影四星，剧情拖拉扣一星，综合三星。,还行,2022-02-02
263,稀里哗啦,四川宜宾,这段历史值得铭记,推荐,2022-02-07
264,居无间,上海,徐克上手，战争戏拍得比上一部要细致，包括战略部署，与步步攻坚的过程。伍千里的两次动作戏，连续的飞身跳跃、挎着钢板下滑，最能体现导演的武侠风格。徐克也是技术控，雪与火的特效都有升级，印象最深的是，他详细展示了战士们形消骨灭的过程，最大程度渲染出了战士牺牲的悲壮与战争的残酷。,推荐,2022-02-02
265,咔珊德拉,关注此人,有些战争我们必须打，没有退路，有些牺牲我们必须上，没有余地，战斗精神无畏，中国人民志愿军万岁。,力荐,2022-02-02
266,没什么,关注此人,个人觉得比第一部要好啊,力荐,2022-02-01
267,孟祥哥哥,安徽黄山,比第一部好看太多了，有点费纸，特别好的意思就是,力荐,2022-02-01
268,梁威是条狗,广东广州,当血肉长城阻退了战争机器，真是一部让人难过的爽片。和《长津湖》不同，本片主要是徐克导演，陈凯歌和林超贤成了监制，感觉拍得更好看了。看过长津湖战役的纪录片，其实真实的炸桥，炸了更多次，最后连桥墩都炸了，比影片还要残酷，最后还是输给了美国人在日本连夜定制“钢桥”。最后一个真正“浴火重生”的戏剧性结局，一个生命的消逝，换来了一个英雄精神的延续和民族的“未来”，不禁让人感慨绝了，还是得徐老怪啊。,力荐,2022-02-16
269,海绵宝宝,浙江杭州,伍万里真的是见一次爱一次，续集也是非常精彩啊！！,力荐,2022-02-01
270,crystal  magic,天津,节奏比第一部要好太多了  没有一点冷场，从头打到尾 徐克风格体现淋漓尽致，太压抑了，比第一部压抑太多  真的不适合过年看，最后的第七穿插连实到一人真的是个中国人都要破防，给伟大的志愿军战士致敬,力荐,2022-02-19
271,平淡生活,北京,全剧唯一感动我的就是最后那句“我希望恢复七连建制”。不能说不精彩，但是有些地方的夸张导致第一时间是疑惑，而不是感动。,还行,2022-03-04
272,红尘一梦,关注此人,#电影长津湖之水门桥#穿越岁月，正是因为青年一代的努力奋斗，才换来了今天的山河无恙。不忘初心，青春朝气永在。少年强，则国强！愿吾辈之青春，守护这盛世繁华！,力荐,2022-02-01
273,郑军,关注此人,"真实历史上，水门桥三炸三修，最后也没挡住美军撤退。后来说迟滞了美军的撤退，但基本也是做无用功，是被对手用强大工业能力辗压的。
看电影时我就想，前面打得那么细致，会不会最后改结尾？但最后也忠实于史实。这就让整个电影的基调都不对头，折腾两小时最后一场空，这种事情现实中常有，但文艺作品里这么写会很别扭。
有个观众说，看完《水门桥》后认为中国一定要搞好工业。我都觉得这是个好主题。可惜这部片子也不能往这里拍。
总之，这片子从题材上就拧巴。",null,2022-02-04
274,soul,"Budapest, Hungary",没第一部好 情节简单,还行,2022-02-10
275,TARS,关注此人,终于明白 为什么红警里面中国的武器是“雄赳赳气昂昂”,较差,2022-02-06
276,g1__,关注此人,真好看！！比第一部更精彩呜呜呜呜,力荐,2022-02-01
277,陌小九羽裳,山东淄博,个人感觉比第一部好看,力荐,2022-02-01
278,嗯额,关注此人,"特别好，就是我特别特别想你
哭死我了，太惨了，太惨😭😭😭😭",力荐,2022-02-01
279,画中存诗意,云南昆明,只能说不负众望,力荐,2022-02-01
280,crystal  magic,天津,节奏比第一部要好太多了  没有一点冷场，从头打到尾 徐克风格体现淋漓尽致，太压抑了，比第一部压抑太多  真的不适合过年看，最后的第七穿插连实到一人真的是个中国人都要破防，给伟大的志愿军战士致敬,力荐,2022-02-19
281,平淡生活,北京,全剧唯一感动我的就是最后那句“我希望恢复七连建制”。不能说不精彩，但是有些地方的夸张导致第一时间是疑惑，而不是感动。,还行,2022-03-04
282,红尘一梦,关注此人,#电影长津湖之水门桥#穿越岁月，正是因为青年一代的努力奋斗，才换来了今天的山河无恙。不忘初心，青春朝气永在。少年强，则国强！愿吾辈之青春，守护这盛世繁华！,力荐,2022-02-01
283,郑军,关注此人,"真实历史上，水门桥三炸三修，最后也没挡住美军撤退。后来说迟滞了美军的撤退，但基本也是做无用功，是被对手用强大工业能力辗压的。
看电影时我就想，前面打得那么细致，会不会最后改结尾？但最后也忠实于史实。这就让整个电影的基调都不对头，折腾两小时最后一场空，这种事情现实中常有，但文艺作品里这么写会很别扭。
有个观众说，看完《水门桥》后认为中国一定要搞好工业。我都觉得这是个好主题。可惜这部片子也不能往这里拍。
总之，这片子从题材上就拧巴。",null,2022-02-04
284,soul,"Budapest, Hungary",没第一部好 情节简单,还行,2022-02-10
285,TARS,关注此人,终于明白 为什么红警里面中国的武器是“雄赳赳气昂昂”,较差,2022-02-06
286,g1__,关注此人,真好看！！比第一部更精彩呜呜呜呜,力荐,2022-02-01
287,陌小九羽裳,山东淄博,个人感觉比第一部好看,力荐,2022-02-01
288,嗯额,关注此人,"特别好，就是我特别特别想你
哭死我了，太惨了，太惨😭😭😭😭",力荐,2022-02-01
289,画中存诗意,云南昆明,只能说不负众望,力荐,2022-02-01
290,张博,河南郑州,在装备极其落后的不利条件下，志愿军做到了世上其他军队难以做到的一切。影片比较真实地反映了当年美军在空中、炮火和装甲方面的巨大火力优势，而我们的志愿军前期只能依靠轻武器与之抗衡。那些为了祖国和平安宁牺牲在朝鲜半岛的英雄们永垂不朽。,推荐,2022-02-15
291,为你作证,关注此人,那个时候敌军的军事力量已经很强悍了，极短的时间里就能把炸毁的桥面修复不说，武器也是重量级，蚌埠住了，感谢祖国的强大，给予我们极大的安全感！,力荐,2022-02-02
292,没啥可看的,关注此人,看完夜场电影，一路散步走回宿舍内心久久不能平静，只记得那些血肉模糊的惨烈，一想到现实战争远比电影更夸张，就只想满星打给最可爱的志愿军们！！此致敬礼,力荐,2022-02-02
293,Leslie,河南郑州,大场面，前期让人热血沸腾，后半部分达到了反战警示的效果,力荐,2022-02-01
294,玥玲大可爱,四川遂宁,特效不错，节奏还是有问题。煽情点能不能放在不那么紧张，抢时间的地方？,还行,2022-02-09
295,梦游仙境吗,广东广州,片尾用千玺的声音来跟伍万里道别 用长津湖两部电影向先烈致敬,力荐,2022-02-01
296,榴莲苏苏苏,湖南常德,故事性不强，平淡，就真 看特效吧,还行,2022-02-02
297,炮腾,关注此人,"泪崩两次，千里牺牲一次，报部队番号一次。
相对于第一部优秀很多，毕竟第一部是塑造人物形象，让角色立体化。这就给第二部起了很大的加成作用。
岁月仍未安好，吾辈当自强。",力荐,2022-02-01
298,小山chow,河北邯郸,没有冻不死的英雄，没有打不死的英雄，只有军人的荣耀。水门桥旁边的一排粗壮的排水管真是神来之笔，演员的妆容更加真实（尤其是朱亚文的）。伍千里用燃烧的身体苏醒了伍万里，这就是一种传承，整部电影在这里得到了升华！,推荐,2022-03-02
299,对方正在输入…,关注此人,"在中国，永远离不开国产战争片的影子，每次战争，敌方永远都是像个傻子，三星给演员。
要论，这部片应该还有个标签，那就是“教育片”。
我依旧还记得之前有家长喷子说太血腥…文化背景在那摆着。不是我们无法拍出国外那种即血腥暴力，又是由战争所带来两败俱伤的真实历史场景。所以想想吧，我们无法那样拍，因为剧本不让那么写……",还行,2022-02-02
300,张博,河南郑州,在装备极其落后的不利条件下，志愿军做到了世上其他军队难以做到的一切。影片比较真实地反映了当年美军在空中、炮火和装甲方面的巨大火力优势，而我们的志愿军前期只能依靠轻武器与之抗衡。那些为了祖国和平安宁牺牲在朝鲜半岛的英雄们永垂不朽。,推荐,2022-02-15
301,为你作证,关注此人,那个时候敌军的军事力量已经很强悍了，极短的时间里就能把炸毁的桥面修复不说，武器也是重量级，蚌埠住了，感谢祖国的强大，给予我们极大的安全感！,力荐,2022-02-02
302,没啥可看的,关注此人,看完夜场电影，一路散步走回宿舍内心久久不能平静，只记得那些血肉模糊的惨烈，一想到现实战争远比电影更夸张，就只想满星打给最可爱的志愿军们！！此致敬礼,力荐,2022-02-02
303,Leslie,河南郑州,大场面，前期让人热血沸腾，后半部分达到了反战警示的效果,力荐,2022-02-01
304,玥玲大可爱,四川遂宁,特效不错，节奏还是有问题。煽情点能不能放在不那么紧张，抢时间的地方？,还行,2022-02-09
305,梦游仙境吗,广东广州,片尾用千玺的声音来跟伍万里道别 用长津湖两部电影向先烈致敬,力荐,2022-02-01
306,榴莲苏苏苏,湖南常德,故事性不强，平淡，就真 看特效吧,还行,2022-02-02
307,炮腾,关注此人,"泪崩两次，千里牺牲一次，报部队番号一次。
相对于第一部优秀很多，毕竟第一部是塑造人物形象，让角色立体化。这就给第二部起了很大的加成作用。
岁月仍未安好，吾辈当自强。",力荐,2022-02-01
308,小山chow,河北邯郸,没有冻不死的英雄，没有打不死的英雄，只有军人的荣耀。水门桥旁边的一排粗壮的排水管真是神来之笔，演员的妆容更加真实（尤其是朱亚文的）。伍千里用燃烧的身体苏醒了伍万里，这就是一种传承，整部电影在这里得到了升华！,推荐,2022-03-02
309,对方正在输入…,关注此人,"在中国，永远离不开国产战争片的影子，每次战争，敌方永远都是像个傻子，三星给演员。
要论，这部片应该还有个标签，那就是“教育片”。
我依旧还记得之前有家长喷子说太血腥…文化背景在那摆着。不是我们无法拍出国外那种即血腥暴力，又是由战争所带来两败俱伤的真实历史场景。所以想想吧，我们无法那样拍，因为剧本不让那么写……",还行,2022-02-02
310,vanvan,福建厦门,电影感太强了,还行,2022-03-01
311,豆豆皮皮豆,江苏苏州,比1好看，节奏很紧凑，从头打到尾，全场满座，最后哭的哟！徐克靠谱！5555我以为会拍3的结果大家都没了55555感谢英雄烈士们，给我们带来的和平盛世大好河山！,力荐,2022-02-02
312,私房歌,安徽马鞍山,让你破防的并不是只回来了一人，而是那些千千万万至死未回的人。,推荐,2022-02-09
313,默默,北京,好看好看！！,力荐,2022-02-01
314,金豌豆,北京,弟弟长大了,推荐,2022-02-16
315,팽  지봉,关注此人,从头打到尾 英雄之火不灭,较差,2022-02-21
316,Keith Lee,"Los Angeles, United States",杜比影院，140分钟狂轰滥炸，视听盛宴，拍的比罗兰埃默里奇的《Midway》好。兰晓龙编剧就是质量保证，士兵突击前传毫无违和感。一只猛虎钢七连，全员阵亡，留了一个易烊千玺纯属是照顾观众感受了。,推荐,2022-02-02
317,蕾蕾,北京,战争场面拍的非常宏大，以少敌多，以弱胜强，让我们珍惜现在的太平盛世。,力荐,2022-02-23
318,小菜一碟,关注此人,七连就剩伍万里一个人了呜呜呜，我的眼泪不值钱😭,力荐,2022-02-02
319,倔强,福建福州,还是挺好的，就徐克特效太重了，以至于我不停的回想徐克的《智取威虎山》,推荐,2022-02-02
320,vanvan,福建厦门,电影感太强了,还行,2022-03-01
321,豆豆皮皮豆,江苏苏州,比1好看，节奏很紧凑，从头打到尾，全场满座，最后哭的哟！徐克靠谱！5555我以为会拍3的结果大家都没了55555感谢英雄烈士们，给我们带来的和平盛世大好河山！,力荐,2022-02-02
322,私房歌,安徽马鞍山,让你破防的并不是只回来了一人，而是那些千千万万至死未回的人。,推荐,2022-02-09
323,默默,北京,好看好看！！,力荐,2022-02-01
324,金豌豆,北京,弟弟长大了,推荐,2022-02-16
325,팽  지봉,关注此人,从头打到尾 英雄之火不灭,较差,2022-02-21
326,Keith Lee,"Los Angeles, United States",杜比影院，140分钟狂轰滥炸，视听盛宴，拍的比罗兰埃默里奇的《Midway》好。兰晓龙编剧就是质量保证，士兵突击前传毫无违和感。一只猛虎钢七连，全员阵亡，留了一个易烊千玺纯属是照顾观众感受了。,推荐,2022-02-02
327,蕾蕾,北京,战争场面拍的非常宏大，以少敌多，以弱胜强，让我们珍惜现在的太平盛世。,力荐,2022-02-23
328,小菜一碟,关注此人,七连就剩伍万里一个人了呜呜呜，我的眼泪不值钱😭,力荐,2022-02-02
329,倔强,福建福州,还是挺好的，就徐克特效太重了，以至于我不停的回想徐克的《智取威虎山》,推荐,2022-02-02
330,大隐隐于市,上海,看到结尾伍千里的牺牲和伍万里的生还，突然想起千里到家乡见父母见万里的那个早晨，仿佛是在昨天，却又已跨过了生死。,推荐,2022-02-28
331,蘑菇安,北京,看第一部的第一秒就猜到了结局,还行,2022-02-12
332,小影加油,上海,"春节档场面最大的电影，没有之一。
很喜欢的一个点是，战役从来不仅仅是的英雄主义无畏牺牲，更多的是科技军备和战略谋划，自甘做炮灰的一腔孤勇，在铸就胜利者的勋章中远远不够。而电影里就有很多军事谋略的体现，排兵布阵，临场应变，上到带队的将领，下到一线士兵，带着智慧和热血前赴后继。
制空权轰杀最为令人绝望，刀俎鱼肉，科技绝对是第一生产力。
群像的描画各有侧重，人物特征鲜明，离场的方式各有不同，惨烈恐怖如斯。保命光环在真实战争中从来不存在，之前看到运送志愿军战士遗骸回家的新闻就已泪目，再想想有多少灰飞烟灭的……
影片高潮不断，战斗不断，马不停蹄，几乎无修整就接连奔赴下一个战场，慢镜头和长镜头穿插得当，是电影很好的注释和表达。",力荐,2022-02-15
333,Lynchman,北京,徐克的“独自上场”，令时长虽未减去多少却大幅提升观感的下集，成了最符合大档期需求的动作类型片，很多上集里被单纯渲染为狂轰滥炸的场面都被注入“有趣”的设计，无用但必需的文戏也成了头尾的装点，更为凸出战斗转场的层次感与刺激点的连续。,还行,2022-02-09
334,黄桃罐头,关注此人,大概是因为上一部给了友情分，这一部真的给不下去。巧合太多，情节刻意。,还行,2022-02-02
335,🈚,北京,水门桥不愧是你yyds伍万里好棒,力荐,2022-02-01
336,周日糖果,广东广州,比上部好看点，战争从来都没有赢家。,推荐,2022-02-01
337,§-ｘīｎ,北京,大初一的看这个哭的缓不过来啊,还行,2022-02-02
338,BBbighand,浙江台州,不如第一部 少的可怜的文戏让整部电影像cod一样只是突突突,还行,2022-02-02
339,agent k,"Minneapolis, United States",易烊千玺太可塑造了！然而我讨厌战争讨厌战争片,还行,2022-02-02
340,大隐隐于市,上海,看到结尾伍千里的牺牲和伍万里的生还，突然想起千里到家乡见父母见万里的那个早晨，仿佛是在昨天，却又已跨过了生死。,推荐,2022-02-28
341,蘑菇安,北京,看第一部的第一秒就猜到了结局,还行,2022-02-12
342,小影加油,上海,"春节档场面最大的电影，没有之一。
很喜欢的一个点是，战役从来不仅仅是的英雄主义无畏牺牲，更多的是科技军备和战略谋划，自甘做炮灰的一腔孤勇，在铸就胜利者的勋章中远远不够。而电影里就有很多军事谋略的体现，排兵布阵，临场应变，上到带队的将领，下到一线士兵，带着智慧和热血前赴后继。
制空权轰杀最为令人绝望，刀俎鱼肉，科技绝对是第一生产力。
群像的描画各有侧重，人物特征鲜明，离场的方式各有不同，惨烈恐怖如斯。保命光环在真实战争中从来不存在，之前看到运送志愿军战士遗骸回家的新闻就已泪目，再想想有多少灰飞烟灭的……
影片高潮不断，战斗不断，马不停蹄，几乎无修整就接连奔赴下一个战场，慢镜头和长镜头穿插得当，是电影很好的注释和表达。",力荐,2022-02-15
343,Lynchman,北京,徐克的“独自上场”，令时长虽未减去多少却大幅提升观感的下集，成了最符合大档期需求的动作类型片，很多上集里被单纯渲染为狂轰滥炸的场面都被注入“有趣”的设计，无用但必需的文戏也成了头尾的装点，更为凸出战斗转场的层次感与刺激点的连续。,还行,2022-02-09
344,黄桃罐头,关注此人,大概是因为上一部给了友情分，这一部真的给不下去。巧合太多，情节刻意。,还行,2022-02-02
345,🈚,北京,水门桥不愧是你yyds伍万里好棒,力荐,2022-02-01
346,周日糖果,广东广州,比上部好看点，战争从来都没有赢家。,推荐,2022-02-01
347,§-ｘīｎ,北京,大初一的看这个哭的缓不过来啊,还行,2022-02-02
348,BBbighand,浙江台州,不如第一部 少的可怜的文戏让整部电影像cod一样只是突突突,还行,2022-02-02
349,agent k,"Minneapolis, United States",易烊千玺太可塑造了！然而我讨厌战争讨厌战争片,还行,2022-02-02
350,NULLNI,广东深圳,超越长津湖,力荐,2022-02-01
351,相对屋檐,北京,当看到对方最终在计划时间内，用预制件把桥顺利修好，并未耽误撤离计划时，我深深对炸桥的必要性产生了怀疑。果然，科学技术才是第一生产力！！！,推荐,2022-03-05
352,张乙心,北京,with cy 武戏太长且多，看得走神了,还行,2022-03-06
353,leoglory,"Vancouver, Canada",跟前作一摸一样的感觉。。,还行,2022-02-11
354,苏大熊,上海,如果觉得故事单薄，就去看第一部。如果觉得人物不丰满，就去看第一部。如果觉得动机模糊，就去看第一部。作为续集真的是完美的答卷（排除所有的静止镜头）。谁说我们没有英雄主义，我们每一个人都是历史的答案。,推荐,2022-02-28
355,小郭,关注此人,第二部太好哭了，新中国万岁,力荐,2022-02-01
356,Debug少女,"Tōkyō, Japan",掐掉后半小时会更好，请相信观众，即使没有刻意的升华也能体会到主旨。,还行,2022-02-07
357,劉發發,关注此人,太失望了,较差,2022-02-10
358,无人知晓,辽宁沈阳,太好看了比长津湖更好看！想再看一遍！,力荐,2022-02-01
359,不是你的小羊羊,四川成都,"刚开始看：这片子水平还是不错的，有三星的水平。比第一部流畅很多，风格统一，细节到位，意识到了文戏不足就少拍文戏多拍打戏，战场的残忍尺度也比第一部更大。虽然整体仍是差不多的跌宕起伏和主旋律煽情，但胜在完成度高…调度、演员、剧本巴拉巴拉
看完后：“第七穿插连应到一百五十七人，实到一人。”满脑子的评论，最后就只记得了千玺看到大部队向他们敬礼时，无言滑下的那一滴泪。",还行,2022-02-02
360,NULLNI,广东深圳,超越长津湖,力荐,2022-02-01
361,相对屋檐,北京,当看到对方最终在计划时间内，用预制件把桥顺利修好，并未耽误撤离计划时，我深深对炸桥的必要性产生了怀疑。果然，科学技术才是第一生产力！！！,推荐,2022-03-05
362,张乙心,北京,with cy 武戏太长且多，看得走神了,还行,2022-03-06
363,leoglory,"Vancouver, Canada",跟前作一摸一样的感觉。。,还行,2022-02-11
364,苏大熊,上海,如果觉得故事单薄，就去看第一部。如果觉得人物不丰满，就去看第一部。如果觉得动机模糊，就去看第一部。作为续集真的是完美的答卷（排除所有的静止镜头）。谁说我们没有英雄主义，我们每一个人都是历史的答案。,推荐,2022-02-28
365,小郭,关注此人,第二部太好哭了，新中国万岁,力荐,2022-02-01
366,Debug少女,"Tōkyō, Japan",掐掉后半小时会更好，请相信观众，即使没有刻意的升华也能体会到主旨。,还行,2022-02-07
367,劉發發,关注此人,太失望了,较差,2022-02-10
368,无人知晓,辽宁沈阳,太好看了比长津湖更好看！想再看一遍！,力荐,2022-02-01
369,不是你的小羊羊,四川成都,"刚开始看：这片子水平还是不错的，有三星的水平。比第一部流畅很多，风格统一，细节到位，意识到了文戏不足就少拍文戏多拍打戏，战场的残忍尺度也比第一部更大。虽然整体仍是差不多的跌宕起伏和主旋律煽情，但胜在完成度高…调度、演员、剧本巴拉巴拉
看完后：“第七穿插连应到一百五十七人，实到一人。”满脑子的评论，最后就只记得了千玺看到大部队向他们敬礼时，无言滑下的那一滴泪。",还行,2022-02-02
370,杏仁小饼干,关注此人,前半部分比较无聊 后半部分燃起来了 易烊千玺真的挺不错的,还行,2022-02-02
371,只喝摩卡的狗,天津,热血男儿离故乡，冰天雪地端步枪。以弱胜强炸大桥，逼走美军保家乡。,还行,2022-02-13
372,Fine.,上海,比第一部好，但是有些偏离历史了，水门桥战役之惨烈还是要看历史才能感知到，致敬先辈英雄们❤️,还行,2022-02-06
373,#,北京,比第一部武戏更多，文戏更少。不过反正中国这类型电影的文戏一向是短板,还行,2022-02-02
374,潘老师,湖南长沙,大制作,还行,2022-02-24
375,🦋PPLim,广东广州,整体看完感觉还行吧～前面没有太强烈的热血沸腾的感觉，战争太惨烈了。就是最后伍万里报告的时候，给我整破防了…..,推荐,2022-02-02
376,哎呦表酱说啦,Fiji,比长城更加坚固的是中国军人用血肉铸造的钢铁城墙！在水门桥上的七连和九连的战士根本就没有想过回头……第一部的时候没有掉眼泪，但第二部还是忍不住哭了。中间的泪点有点多啊！什么特别好？是你们特别好啊TAT,力荐,2022-02-09
377,苏九允,关注此人,还是不错的,推荐,2022-02-01
378,不要熬夜,江苏苏州,刚出来，本来想说这不还好，眼泪忍住了，结果最后还是没成功。报人数时从一连开始一个个数时其实都很清楚到七连时会发生什么但还是忍不住了…印象最深刻的还有那句“新中国万岁”，说完这句话后战士们奔向各自的战场，去迎接各自的结局…,力荐,2022-02-01
379,阿Vian,湖北武汉,比第一部叙事要好，可还是乱轰乱炸，场面血腥，让俺一度脸盲。另外，我妈在旁边看的泪流满面，我爸呼呼大睡,还行,2022-02-02
380,杏仁小饼干,关注此人,前半部分比较无聊 后半部分燃起来了 易烊千玺真的挺不错的,还行,2022-02-02
381,只喝摩卡的狗,天津,热血男儿离故乡，冰天雪地端步枪。以弱胜强炸大桥，逼走美军保家乡。,还行,2022-02-13
382,Fine.,上海,比第一部好，但是有些偏离历史了，水门桥战役之惨烈还是要看历史才能感知到，致敬先辈英雄们❤️,还行,2022-02-06
383,#,北京,比第一部武戏更多，文戏更少。不过反正中国这类型电影的文戏一向是短板,还行,2022-02-02
384,潘老师,湖南长沙,大制作,还行,2022-02-24
385,🦋PPLim,广东广州,整体看完感觉还行吧～前面没有太强烈的热血沸腾的感觉，战争太惨烈了。就是最后伍万里报告的时候，给我整破防了…..,推荐,2022-02-02
386,哎呦表酱说啦,Fiji,比长城更加坚固的是中国军人用血肉铸造的钢铁城墙！在水门桥上的七连和九连的战士根本就没有想过回头……第一部的时候没有掉眼泪，但第二部还是忍不住哭了。中间的泪点有点多啊！什么特别好？是你们特别好啊TAT,力荐,2022-02-09
387,苏九允,关注此人,还是不错的,推荐,2022-02-01
388,不要熬夜,江苏苏州,刚出来，本来想说这不还好，眼泪忍住了，结果最后还是没成功。报人数时从一连开始一个个数时其实都很清楚到七连时会发生什么但还是忍不住了…印象最深刻的还有那句“新中国万岁”，说完这句话后战士们奔向各自的战场，去迎接各自的结局…,力荐,2022-02-01
389,阿Vian,湖北武汉,比第一部叙事要好，可还是乱轰乱炸，场面血腥，让俺一度脸盲。另外，我妈在旁边看的泪流满面，我爸呼呼大睡,还行,2022-02-02
390,魔都,上海,比较混乱，很多地方交代不清楚，莫名其妙，到最后也不知道桥到底在哪,还行,2022-02-06
391,伊申一世,上海,伟大的中国人民志愿军万岁，伟大的新中国万岁,力荐,2022-02-01
392,乾乾,河南郑州,就，一般,还行,2022-02-06
393,阅书观影2022,浙江杭州,他们是最可爱的人。,力荐,2022-02-18
394,人生如剧,关注此人,比上部好看许多。总算称得上一部完整的电影。比起战争史诗，影片更靠近个体与一场战斗故事。七连众人都迎来结局。其中算出彩一点的数韩东君的平河。比其他几位老油子总多点纯粹味道。最喜欢最后万里倚在哥哥的遗体旁也冻成冰塑，兄弟俩在喷火器烤炙下随融水漂走，千里燃烬，万里苏醒的设计。,推荐,2022-02-09
395,雨落清晨,北京,打戏太多了，全都是战争场面，而且感觉每个人的死都是为了死而去死，有点缺乏文戏，伍万里的成长体现的不是太充分,推荐,2022-02-09
396,虎虎,关注此人,They are from everywhere,推荐,2022-02-02
397,AL Rorschach,关注此人,战争细节感觉不错了。指导员演得不错。,力荐,2022-02-25
398,你读书少♂,浙江台州,美国演员没有一处口型对得上的简直就离谱，就跟声画不同不一样，整天diss人家美国电影里面的美国电影的镜头和音乐倒是没少抄，煽情都不会煽，还不如直接把纪录片里面那些真实的事件原封不动的拍出来，也比虚构几个秀自己的人物更感人，确实有的人被感动了，但更多的人其实是被历史上真正的志愿军战士感动，而不是这部电影。最让人唏嘘感叹的是，由于电影院的空调开的实在是太暖和了，有的观众在看志愿军受冻的时候居然在问：是冷吗？电影院的空调几乎让人一头汗，不知道当年在冰雪中化为冰雕的战士们，能不能想到几十年后我们会在有空调的电影院看着他们。,还行,2022-02-09
399,你又有多厉害哦,关注此人,长津湖续集，更加震撼,力荐,2022-02-01
